Details,Posting Date,Description,Amount,Balance,Category
DEBIT,2025-11-26,Zelle payment to Vishwaaa,-100.0,2310.49,Other
DEBIT,2025-11-26,Payment to Chase card ending in  /,-129.51,2410.49,Other
CREDIT,2025-11-26,BOSTONUNIVERSITY PAYROLL                    PPD ID:,373.44,2540.0,Other
DEBIT,2025-11-25,DISCOVER         E-PAYMENT              WEB ID:,-2.4,2166.56,Other
DEBIT,2025-11-24,UBR* PENDING.UBER.CO SAN FRANCISCO CA        /,-8.78,2168.96,Other
DEBIT,2025-11-24,Zelle payment to Vishwaaa,-105.0,2177.74,Other
DEBIT,2025-11-24,Payment to Chase card ending in  /,-16.28,2282.74,Other
CREDIT,2025-11-24,Zelle payment from AKSHAY KUMARAN VENKATESAN,20.0,2299.02,Other
CREDIT,2025-11-21,BOSTONUNIVERSITY PAYROLL                    PPD ID:,373.44,2279.02,Other
DEBIT,2025-11-19,DISCOVER         E-PAYMENT              WEB ID:,-12.96,1905.58,Other
DEBIT,2025-11-19,Payment to Chase card ending in  /,-59.12,1918.54,Other
DEBIT,2025-11-18,Payment to Chase card ending in  /,-41.76,1977.66,Other
DEBIT,2025-11-17,UBR* PENDING.UBER.CO SAN FRANCISCO CA        /,-16.38,2019.42,Other
DEBIT,2025-11-17,Payment to Chase card ending in  /,-41.08,2035.8,Other
DEBIT,2025-11-17,Payment to Chase card ending in  /,-35.78,2076.88,Other
DEBIT,2025-11-14,ATM WITHDRAWAL                         / SALEM,-20.0,2112.66,Other
CREDIT,2025-11-14,BOSTONUNIVERSITY PAYROLL                    PPD ID:,373.44,2132.66,Other
DEBIT,2025-11-12,Zelle payment to Ramya US,-500.0,1759.22,Other
DEBIT,2025-11-12,Payment to Chase card ending in  /,-81.83,2259.22,Other
DEBIT,2025-11-12,DISCOVER         E-PAYMENT              WEB ID:,-95.99,2341.05,Other
CREDIT,2025-11-12,Zelle payment from HAOYANG PENG WFCTZGYSKK,18.0,2437.04,Other
DEBIT,2025-11-10,Zelle payment to Vishwaaa,-25.0,2419.04,Other
CREDIT,2025-11-07,BOSTONUNIVERSITY PAYROLL                    PPD ID:,373.44,2444.04,Other
DEBIT,2025-11-06,DOMESTIC INCOMING WIRE FEE,-15.0,2070.6,Other
DEBIT,2025-11-06,Online Transfer to SAV ... transaction#:  /,-1000.0,2085.6,Other
DEBIT,2025-11-06,Zelle payment to Ramya US,-500.0,3085.6,Other
CREDIT,2025-11-06,"CHIPS CREDIT VIA: WELLS FARGO BANK, N.A./ B/O: /SARAVANAN K /IN/TN  CHENNAI REF: NBNF=HARINI SARAVANAN ALLSTON MA - US/AC- ORG=/  /IN/TN  CHENNAI O GB=ICICI BANK LIMITED CBPPC CROSS M UMBAI INDIA -- IN OBI=/URI/ED UCATION HARINI S BBI=/OCMT/USD, /A SSN:  TRN: FC",2000.0,3585.6,Other
DEBIT,2025-11-05,Payment to Chase card ending in  /,-54.06,1585.6,Other
DEBIT,2025-11-04,Payment to Chase card ending in  /,-51.72,1639.66,Other
DEBIT,2025-11-03,DISCOVER         E-PAYMENT              WEB ID:,-4.35,1691.38,Other
DEBIT,2025-11-03,Online Transfer to SAV ... transaction#:  /,-1500.0,1695.73,Other
DEBIT,2025-11-03,Payment to Chase card ending in  /,-49.24,3195.73,Other
DEBIT,2025-11-03,Malvern Place Ap WEB PMTS   HXZDGF          WEB ID:,-2075.0,3244.97,Other
DEBIT,2025-10-31,DOMESTIC INCOMING WIRE FEE,-15.0,5319.97,Other
DEBIT,2025-10-31,Zelle payment to Joevita JPMbsvipib,-15.0,5334.97,Other
CREDIT,2025-10-31,BOSTONUNIVERSITY PAYROLL                    PPD ID:,373.44,5349.97,Other
CREDIT,2025-10-31,"CHIPS CREDIT VIA: WELLS FARGO BANK, N.A./ B/O: /SARAVANAN K /IN/TN  CHENNAI REF: NBNF=HARINI SARAVANAN ALLSTON MA - US/AC- ORG=/  /IN/TN  CHENNAI O GB=ICICI BANK LIMITED CBPPC CROSS M UMBAI INDIA -- IN OBI=/URI/ED UCATION HARINI S BBI=/OCMT/USD, /A SSN:  TRN: FC",3000.0,4976.53,Other
DEBIT,2025-10-30,Payment to Chase card ending in  /,-95.42,1976.53,Other
DEBIT,2025-10-29,ROCKY CONCESSIONS LONDONDERRY NH             /,-10.0,2071.95,Other
DEBIT,2025-10-28,UBR* PENDING.UBER.CO SAN FRANCISCO CA        /,-19.85,2081.95,Other
DEBIT,2025-10-27,Zelle payment to Ramya US,-40.0,2101.8,Other
CREDIT,2025-10-27,GOOGLE           ACCTVERIFY                 PPD ID: C,0.04,2141.8,Other
CREDIT,2025-10-27,GOOGLE           ACCTVERIFY                 PPD ID: C,0.12,2141.76,Other
DEBIT,2025-10-24,UBR* PENDING.UBER.CO SAN FRANCISCO CA        /,-6.32,2141.64,Other
CREDIT,2025-10-24,BOSTONUNIVERSITY PAYROLL                    PPD ID:,373.44,2147.96,Other
DEBIT,2025-10-23,Zelle payment to ABIGAYLE PETERSON JPMbrxtrd,-50.0,1774.52,Other
DEBIT,2025-10-23,Payment to Chase card ending in  /,-10.26,1824.52,Other
DEBIT,2025-10-17,UBR* PENDING.UBER.CO SAN FRANCISCO CA        /,-24.69,1834.78,Other
CREDIT,2025-10-17,BOSTONUNIVERSITY PAYROLL                    PPD ID:,373.44,1859.47,Other
DEBIT,2025-10-15,Zelle payment to Vishwaaa,-80.0,1486.03,Other
DEBIT,2025-10-15,Zelle payment to Akshayy,-49.0,1566.03,Other
DEBIT,2025-10-14,Payment to Chase card ending in  /,-43.06,1615.03,Other
DEBIT,2025-10-14,Zelle payment to Ramya US,-26.0,1658.09,Other
DEBIT,2025-10-10,Payment to Chase card ending in  /,-34.49,1684.09,Other
CREDIT,2025-10-10,BOSTONUNIVERSITY PAYROLL                    PPD ID:,373.44,1718.58,Other
DEBIT,2025-10-08,Zelle payment to Akshayy,-164.0,1345.14,Other
DEBIT,2025-10-07,Payment to Chase card ending in  /,-22.27,1509.14,Other
DEBIT,2025-10-07,Zelle payment to Ramya US,-57.84,1531.41,Other
DEBIT,2025-10-07,Zelle payment to Vishwaaa,-57.84,1589.25,Other
DEBIT,2025-10-06,CHASE CREDIT CRD EPAY ONUS        WEB ID:,-8.38,1647.09,Other
DEBIT,2025-10-06,UBR* PENDING.UBER.CO SAN FRANCISCO CA        /,-9.57,1655.47,Other
CREDIT,2025-10-06,Zelle payment from JOEVITA FAUSTINA DOSS FELIX ANTHONY BACsrchvthb,8.0,1665.04,Other
DEBIT,2025-10-03,DOMESTIC INCOMING WIRE FEE,-15.0,1657.04,Other
DEBIT,2025-10-03,Zelle payment to Ramya US,-15.41,1672.04,Other
DEBIT,2025-10-03,Online Transfer to SAV ... transaction#:  /,-1500.0,1687.45,Other
CREDIT,2025-10-03,Zelle payment from ZIZHAN WANG WFCTZBVHMVH,15.41,3187.45,Other
CREDIT,2025-10-03,Zelle payment from KUNAL VISHWA SIVAKUMAR,100.0,3172.04,Other
CREDIT,2025-10-03,BOSTONUNIVERSITY PAYROLL                    PPD ID:,373.44,3072.04,Other
CREDIT,2025-10-03,"CHIPS CREDIT VIA: WELLS FARGO BANK, N.A./ B/O: /SARAVANAN K /IN/TN  CHENNAI REF: NBNF=HARINI SARAVANAN ALLSTON MA - US/AC- ORG=/  /IN/TN  CHENNAI O GB=ICICI BANK LIMITED CBPPC CROSS M UMBAI INDIA -- IN OBI=/URI/ED UCATION HARINI S BBI=/OCMT/USD, /A SSN:  TRN: FC",1500.0,2698.6,Other
DEBIT,2025-10-02,Malvern Place Ap WEB PMTS   HCF          WEB ID:,-2075.0,1198.6,Other
DEBIT,2025-10-01,DOMESTIC INCOMING WIRE FEE,-15.0,3273.6,Other
DEBIT,2025-10-01,Online Transfer to SAV ... transaction#:  /,-3000.0,3288.6,Other
DEBIT,2025-10-01,DISCOVER         E-PAYMENT              WEB ID:,-13.28,6288.6,Other
DEBIT,2025-10-01,PAYRANGE MOBILE https://www.p OR             /,-10.0,6301.88,Other
CREDIT,2025-10-01,"CHIPS CREDIT VIA: WELLS FARGO BANK, N.A./ B/O: /SARAVANAN K /IN/TN  CHENNAI REF: NBNF=HARINI SARAVANAN ALLSTON MA - US/AC- ORG=/  /IN/TN  CHENNAI O GB=ICICI BANK LIMITED CBPPC CROSS M UMBAI INDIA -- IN OBI=/URI/ED UCATION HARINI S BBI=/OCMT/USD, /A SSN:  TRN: FC",3000.0,6311.88,Other
DEBIT,2025-09-30,Zelle payment to Vishwaaa,-100.0,3311.88,Other
DEBIT,2025-09-30,Payment to Chase card ending in  /,-10.46,3411.88,Other
CREDIT,2025-09-30,Online Transfer from SAV ... transaction#:,2075.0,3422.34,Other
DEBIT,2025-09-29,Payment to Chase card ending in  /,-59.09,1347.34,Other
DEBIT,2025-09-29,Payment to Chase card ending in  /,-127.97,1406.43,Other
DEBIT,2025-09-26,ATM WITHDRAWAL                         / SALEM,-20.0,1534.4,Other
CREDIT,2025-09-26,BOSTONUNIVERSITY PAYROLL                    PPD ID:,373.44,1554.4,Other
CREDIT,2025-09-22,Zelle payment from JOEVITA FAUSTINA DOSS FELIX ANTHONY BACsqzmal,20.0,1180.96,Other
DEBIT,2025-09-19,Zelle payment to Ramya US,-11.1,1160.96,Other
DEBIT,2025-09-19,DISCOVER         E-PAYMENT              WEB ID:,-1500.0,1172.06,Other
DEBIT,2025-09-19,HARVARD BUS EDUCATION -- MA        /,-9.9,2672.06,Other
CREDIT,2025-09-19,BOSTONUNIVERSITY PAYROLL                    PPD ID:,373.44,2681.96,Other
DEBIT,2025-09-18,UBR* PENDING.UBER.CO SAN FRANCISCO CA        /,-9.87,2308.52,Other
DEBIT,2025-09-18,Payment to Chase card ending in  /,-2116.44,2318.39,Other
DEBIT,2025-09-18,UBR* PENDING.UBER.CO SAN FRANCISCO CA        /,-15.21,4434.83,Other
DEBIT,2025-09-18,Zelle payment to Ramya US,-20.0,4450.04,Other
DEBIT,2025-09-18,Zelle payment to Joevita JPMbnmnhss,-65.0,4470.04,Other
DEBIT,2025-09-18,TST*CHENNAI EATS Watertown MA                /,-129.33,4535.04,Other
DEBIT,2025-09-18,SOREL Portland OR                            /,-150.0,4664.37,Other
DEBIT,2025-09-17,DOMESTIC INCOMING WIRE FEE,-15.0,4814.37,Other
DEBIT,2025-09-17,UBER *TRIP SAN FRANCISCO CA                  /,-12.84,4829.37,Other
DEBIT,2025-09-17,UBR* PENDING.UBER.CO SAN FRANCISCO CA        /,-6.39,4842.21,Other
DEBIT,2025-09-17,WHOLEFDS BRI  BRIGHTON MA               /,-27.98,4848.6,Other
DEBIT,2025-09-17,DOLLARTREE BOSTON MA                         /,-7.97,4876.58,Other
CREDIT,2025-09-17,Zelle payment from JOEVITA FAUSTINA DOSS FELIX ANTHONY BACsbbtn,130.0,4884.55,Other
CREDIT,2025-09-17,"CHIPS CREDIT VIA: WELLS FARGO BANK, N.A./ B/O: /SARAVANAN K /IN/TN  CHE REF: NBNF=HARINI SARAVANAN ALLSTON MA - US/AC- ORG=/  /IN/TN  CHE OGB=I CICI BANK LIMITED CBPPC CROSS MUMBA I INDIA -- IN OBI=/URI/EDUCAT ION HARINI S BBI=/OCMT/USD,/A CC/US SSN:  TRN: FC",3000.0,4754.55,Other
DEBIT,2025-09-15,DOMESTIC INCOMING WIRE FEE,-15.0,1754.55,Other
DEBIT,2025-09-15,DOMESTIC INCOMING WIRE FEE,-15.0,1769.55,Other
DEBIT,2025-09-15,UBR* PENDING.UBER.CO SAN FRANCISCO CA        /,-6.08,1784.55,Other
DEBIT,2025-09-15,Zelle payment to Akshayy,-1400.0,1790.63,Other
DEBIT,2025-09-15,Zelle payment to Vishwaaa,-2874.0,3190.63,Other
DEBIT,2025-09-15,STAR OSCO  BOSTON MA                     /,-2.48,6064.63,Other
DEBIT,2025-09-15,TST*THE SCOOP N SCOOTER Allston MA           /,-22.49,6067.11,Other
CREDIT,2025-09-15,"CHIPS CREDIT VIA: WELLS FARGO BANK, N.A./ B/O: /SARAVANAN K /IN/TN  CHENNAI REF: NBNF=HARINI SARAVANAN ALLSTON MA - US/AC- ORG=/  /IN/TN  CHENNAI O GB=ICICI BANK LIMITED CBPPC CROSS M UMBAI INDIA -- IN OBI=/URI/MA INTENANCE RELATIVES-DAUG BBI=/OCMT/USD SSN:  TRN: FC",3000.0,6089.6,Other
CREDIT,2025-09-15,"CHIPS CREDIT VIA: WELLS FARGO BANK, N.A./ B/O: /SARAVANAN K /IN/TN  CHENNAI REF: NBNF=HARINI SARAVANAN ALLSTON MA - US/AC- ORG=/  /IN/TN  CHENNAI O GB=ICICI BANK LIMITED CBPPC CROSS M UMBAI INDIA -- IN OBI=/URI/MA INTENANCE RELATIVES-DAUG BBI=/OCMT/USD SSN:  TRN: FC",3000.0,3089.6,Other
DEBIT,2025-09-12,ATM WITHDRAWAL                         / COMMO,-20.0,89.6,Other
DEBIT,2025-09-12,ATM WITHDRAWAL                         / COMMO,-20.0,109.6,Other
CREDIT,2025-09-12,ATM CASH DEPOSIT /  COMMONWEALTH AVE BOSTON MA,20.0,129.6,Other
DEBIT,2025-09-11,Online Transfer to SAV ... transaction#:  /,-1000.0,109.6,Other
DEBIT,2025-09-11,Payment to Chase card ending in  /,-179.57,1109.6,Other
DEBIT,2025-09-11,Zelle payment to Vishwaaa,-13.0,1289.17,Other
CREDIT,2025-09-11,Zelle payment from KUNAL VISHWA SIVAKUMAR,1000.0,1302.17,Other
DEBIT,2025-09-10,Payment to Chase card ending in  /,-14.98,302.17,Other
DEBIT,2025-09-08,Payment to Chase card ending in  /,-203.62,317.15,Other
DEBIT,2025-09-08,Payment to Chase card ending in  /,-26.55,520.77,Other
DEBIT,2025-09-05,Zelle payment to Akshayy,-335.0,547.32,Other
DEBIT,2025-09-05,Zelle payment to Ramya US,-50.0,882.32,Other
DEBIT,2025-09-05,DISCOVER         E-PAYMENT              WEB ID:,-37.6,932.32,Other
CREDIT,2025-09-05,Zelle payment from RAMYA SARAVANAN,5.0,969.92,Other
CREDIT,2025-09-05,BOSTONUNIVERSITY PAYROLL                    PPD ID:,424.1,964.92,Other
DEBIT,2025-09-04,Payment to Chase card ending in  /,-1474.36,540.82,Other
DEBIT,2025-09-03,Zelle payment to Ramya US,-30.0,2015.18,Other
DEBIT,2025-09-03,Payment to Chase card ending in  /,-27.9,2045.18,Other
DEBIT,2025-09-02,DOMESTIC INCOMING WIRE FEE,-15.0,2073.08,Other
DEBIT,2025-09-02,Zelle payment to LAKSHMI,-22.0,2088.08,Other
DEBIT,2025-09-02,MINT MOBILE -- CA                  /,-10.57,2110.08,Other
DEBIT,2025-09-02,Payment to Chase card ending in  /,-62.14,2120.65,Other
DEBIT,2025-09-02,JEN LAI NOODLE & RICE C BOSTON MA            /,-12.83,2182.79,Other
DEBIT,2025-09-02,Payment to Chase card ending in  /,-28.7,2195.62,Other
CHECK,2025-09-02,CHECK #       Malvern Place Ap CHECK PMTS        ARC ID:,-200.0,2224.32,Other
DEBIT,2025-09-02,Malvern Place Ap WEB PMTS   ZXFF          WEB ID:,-2075.0,2424.32,Other
CREDIT,2025-09-02,FEDWIRE CREDIT VIA: THE BANK OF NEW YORK MELLON/ B/O: /SARAVANAN K /IN/TN  CHENNAI REF: CHASE NYC/CTR/BNF=HARINI SARAVANAN ALLSTON MA - US/AC-  RFB=NOTPROVIDED OBI=/URI/MAIN TENANCE RELATIVES-DAUG BBI=/ACC/US IMAD: BQC TRN: FF,2000.0,4499.32,Other
DEBIT,2025-08-29,Payment to Chase card ending in  /,-21.68,2499.32,Other
CREDIT,2025-08-29,BOSTONUNIVERSITY PAYROLL                    PPD ID:,424.1,2521.0,Other
DEBIT,2025-08-28,DOMESTIC INCOMING WIRE FEE,-15.0,2096.9,Other
CREDIT,2025-08-28,FEDWIRE CREDIT VIA: THE BANK OF NEW YORK MELLON/ B/O: /SARAVANAN K /IN/TN  CHENNAI REF: CHASE NYC/CTR/BNF=HARINI SARAVANAN ALLSTON MA - US/AC-  RFB=NOTPROVIDED OBI=/URI/MAIN TENANCE RELATIVES-DAUG BBI=/ACC/US IMAD: BQC TRN: FF,2000.0,2111.9,Other
DEBIT,2025-08-27,Zelle payment to Vaishnav,-33.2,111.9,Other
DEBIT,2025-08-27,Payment to Chase card ending in  /,-41.05,145.1,Other
DEBIT,2025-08-26,Payment to Chase card ending in  /,-56.76,186.15,Other
DEBIT,2025-08-26,EMIRATES AI  NEW YORK NY          /,-1310.67,242.91,Other
DEBIT,2025-08-25,COUNTER CHECK,-3.0,1553.58,Other
DEBIT,2025-08-22,MBTA- BOSTON MA                  /,-2.4,1556.58,Other
CREDIT,2025-08-22,BOSTONUNIVERSITY PAYROLL                    PPD ID:,478.27,1558.98,Other
DEBIT,2025-08-21,Payment to Chase card ending in  /,-67.06,1080.71,Other
DEBIT,2025-08-21,Zelle payment to DHISHA SURESH BABU,-10.4,1147.77,Other
DEBIT,2025-08-20,DISCOVER         E-PAYMENT              WEB ID:,-20.0,1158.17,Other
DEBIT,2025-08-20,Zelle payment to ATUL JPMbkw,-15.0,1178.17,Other
DEBIT,2025-08-19,Payment to Chase card ending in  /,-277.42,1193.17,Other
DEBIT,2025-08-18,MBTA- BOSTON MA                  /,-2.4,1470.59,Other
DEBIT,2025-08-15,DOLLARTREE BOSTON MA                         /,-1.59,1472.99,Other
CREDIT,2025-08-15,BOSTONUNIVERSITY PAYROLL                    PPD ID:,424.1,1474.58,Other
DEBIT,2025-08-14,Payment to Chase card ending in  /,-37.92,1050.48,Other
DEBIT,2025-08-14,BKST B&N BOSTON  BE BOSTON MA       /,-74.96,1088.4,Other
DEBIT,2025-08-14,CVS/PHARM -- C BROOKLINE MA          /,-13.98,1163.36,Other
DEBIT,2025-08-14,MBTA- BOSTON MA                  /,-2.4,1177.34,Other
DEBIT,2025-08-11,Zelle payment to Akshayy,-20.0,1179.74,Other
DEBIT,2025-08-11,Zelle payment to Akshayy,-20.0,1199.74,Other
DEBIT,2025-08-08,Online Transfer to SAV ... transaction#:  /,-400.0,1219.74,Other
DEBIT,2025-08-08,Zelle payment to Akshayy,-18.0,1619.74,Other
DEBIT,2025-08-08,FUJI FRANCHISING - CA             /,-26.59,1637.74,Other
CREDIT,2025-08-08,BOSTONUNIVERSITY PAYROLL                    PPD ID:,424.1,1664.33,Other
DEBIT,2025-08-07,Payment to Chase card ending in  /,-10.0,1240.23,Other
DEBIT,2025-08-05,Payment to Chase card ending in  /,-129.5,1250.23,Other
CREDIT,2025-08-05,BOSTONUNIVERSITY PAYROLL                    PPD ID:,292.35,1379.73,Other
DEBIT,2025-08-01,Malvern Place Ap WEB PMTS   LKF          WEB ID:,-1334.0,1087.38,Other
CREDIT,2025-08-01,BOSTONUNIVERSITY PAYROLL                    PPD ID:,424.1,2421.38,Other
DEBIT,2025-07-31,DOMESTIC INCOMING WIRE FEE,-15.0,1997.28,Other
DEBIT,2025-07-31,Online Transfer to SAV ... transaction#:  /,-300.0,2012.28,Other
CREDIT,2025-07-31,"CHIPS CREDIT VIA: CITIBANK N.A./ B/O: /SARAVANAN K /IN/TN  CHE REF: NBNF=HARINI SARAVANAN ALLSTON MA - US/AC- ORG=/  /IN/TN  CHE OGB=I CICI BANK LIMITED CBPPC CROSS MUMBA I INDIA -- IN OBI=/URI/MAINTE NANCE RELATIVES-DAUG BBI=/OCMT/USD ,/REC/US SSN:  TRN: FC",1500.0,2312.28,Other
DEBIT,2025-07-29,Payment to Chase card ending in  /,-61.93,812.28,Other
DSLIP,2025-07-29,Cash Redemption,288.48,874.21,Other
DEBIT,2025-07-28,Zelle payment to Akshayy,-673.0,585.73,Other
DEBIT,2025-07-28,Zelle payment to Akshayy,-180.0,1258.73,Other
CREDIT,2025-07-28,Online Transfer from SAV ... transaction#:,30.0,1438.73,Other
CREDIT,2025-07-28,Online Transfer from SAV ... transaction#:,700.0,1408.73,Other
DEBIT,2025-07-25,Zelle payment to KAVYA KUMAR JPMbgxoc,-240.0,708.73,Other
DEBIT,2025-07-25,MBTA- BOSTON MA                  /,-2.4,948.73,Other
CREDIT,2025-07-25,BOSTONUNIVERSITY PAYROLL                    PPD ID:,358.22,951.13,Other
DEBIT,2025-07-23,DISCOVER         E-PAYMENT              WEB ID:,-20.0,592.91,Other
DEBIT,2025-07-21,AUNT FANNY'S CART SAN FRANCISCO CA           /,-16.84,612.91,Other
DEBIT,2025-07-21,CLIPPER SYSTEMS MOBILE CONCORD CA            /,-3.0,629.75,Other
DEBIT,2025-07-21,CLIPPER SYSTEMS MOBILE CONCORD CA            /,-2.0,632.75,Other
DEBIT,2025-07-18,Zelle payment to Akshayy,-25.0,634.75,Other
DEBIT,2025-07-18,- SUTTER CREEK HOUSTON CA                 /,-6.53,659.75,Other
CREDIT,2025-07-18,BOSTONUNIVERSITY PAYROLL                    PPD ID:,305.52,666.28,Other
DEBIT,2025-07-17,CLIPPER SYSTEMS MOBILE CONCORD CA            /,-20.0,360.76,Other
DEBIT,2025-07-14,STAR OSCO  BOSTON MA                     /,-6.58,380.76,Other
DEBIT,2025-07-14,PAYRANGE MOBILE https://www.p OR             /,-10.0,387.34,Other
DEBIT,2025-07-14,PAYRANGE MOBILE https://www.p OR             /,-10.0,397.34,Other
DEBIT,2025-07-14,Payment to Chase card ending in  /,-257.37,407.34,Other
CREDIT,2025-07-11,BOSTONUNIVERSITY PAYROLL                    PPD ID:,292.35,664.71,Other
DEBIT,2025-07-09,Zelle payment to Akshayy,-250.0,372.36,Other
DEBIT,2025-07-09,WHOLEFDS BRI  BRIGHTON MA               /,-54.08,622.36,Other
DEBIT,2025-07-08,DOMESTIC INCOMING WIRE FEE,-15.0,676.44,Other
DEBIT,2025-07-08,Online Transfer to SAV ... transaction#:  /,-1300.0,691.44,Other
DEBIT,2025-07-08,STAR OSCO  BOSTON MA                     /,-12.58,1991.44,Other
DSLIP,2025-07-08,REMOTE ONLINE DEPOSIT #,292.35,2004.02,Other
CREDIT,2025-07-08,"FEDWIRE CREDIT VIA: THE BANK OF NEW YORK MELLON/ B/O: SARAVANAN K /IN/TN  CHE REF: CHASE NYC/CTR/BNF=HARINI SARAVANAN ALLSTON MA - US/AC-  RFB=NOTPROVIDED OBI=/URI/MAIN TENANCE RELATIVES-DAUG BBI=/OCMT/US D,/BNF/US IMAD: BQC TRN: FF",1500.0,1711.67,Other
DEBIT,2025-07-07,Payment to Chase card ending in  /,-298.82,211.67,Other
DEBIT,2025-07-07,MBTA- BOSTON MA                  /,-1.7,510.49,Other
DEBIT,2025-07-07,MINISO HARVARD SQUARE CAMBRIDGE MA           /,-49.13,512.19,Other
CREDIT,2025-07-07,Zelle payment from KUNAL VISHWA SIVAKUMAR,25.0,561.32,Other
CREDIT,2025-07-07,Online Transfer from SAV ... transaction#:,200.0,536.32,Other
DEBIT,2025-07-03,MBTA- BOSTON MA                  /,-2.4,336.32,Other
DEBIT,2025-07-03,MBTA- BOSTON MA                  /,-2.4,338.72,Other
DEBIT,2025-07-03,MBTA- BOSTON MA                  /,-1.7,341.12,Other
DEBIT,2025-07-02,Online Transfer to SAV ... transaction#:  /,-500.0,342.82,Other
CREDIT,2025-07-02,Zelle payment from KUNAL VISHWA SIVAKUMAR,730.0,842.82,Other
DEBIT,2025-07-01,Malvern Place Ap WEB PMTS   WTRF          WEB ID:,-1333.0,112.82,Other
DEBIT,2025-06-30,DOMESTIC INCOMING WIRE FEE,-15.0,1445.82,Other
DEBIT,2025-06-30,Zelle payment to Vishwaaa,-30.0,1460.82,Other
DEBIT,2025-06-30,Zelle payment to Vishwaaa,-550.0,1490.82,Other
DEBIT,2025-06-30,MBTA- BOSTON MA                  /,-2.4,2040.82,Other
DEBIT,2025-06-30,MBTA- BOSTON MA                  /,-2.4,2043.22,Other
CREDIT,2025-06-30,Zelle payment from KUNAL VISHWA SIVAKUMAR,10.0,2045.62,Other
CREDIT,2025-06-30,Zelle payment from KUNAL VISHWA SIVAKUMAR,30.0,2035.62,Other
CREDIT,2025-06-30,"FEDWIRE CREDIT VIA: THE BANK OF NEW YORK MELLON/ B/O: SARAVANAN K /IN/TN  CHE REF: CHASE NYC/CTR/BNF=HARINI SARAVANAN ALLSTON MA - US/AC-  RFB=NOTPROVIDED OBI=/URI/MAIN TENANCE RELATIVES-DAUG BBI=/OCMT/US D,/BNF/US IMAD: BQC TRN: FF",2000.0,2005.62,Other
DEBIT,2025-06-27,MBTA- BOSTON MA                  /,-2.4,5.62,Other
DEBIT,2025-06-27,HUDSONST RALEIGH NC                      /,-10.71,8.02,Other
DEBIT,2025-06-24,DISCOVER         E-PAYMENT              WEB ID:,-20.0,18.73,Other
DEBIT,2025-06-17,DISCOVER         E-PAYMENT              WEB ID:,-10.0,38.73,Other
DEBIT,2025-06-13,Payment to Chase card ending in  /,-18.0,48.73,Other
DEBIT,2025-06-10,Payment to Chase card ending in  /,-772.61,66.73,Other
DEBIT,2025-06-09,PATEL BROTHERS SUWANEE SUWANEE GA            /,-11.18,839.34,Other
DEBIT,2025-06-06,Zelle payment to Vishwaaa,-250.0,850.52,Other
DEBIT,2025-06-06,Zelle payment to Akshayy,-157.0,1100.52,Other
DEBIT,2025-06-04,DOMESTIC INCOMING WIRE FEE,-15.0,1257.52,Other
CREDIT,2025-06-04,"FEDWIRE CREDIT VIA: THE BANK OF NEW YORK MELLON/ B/O: SARAVANAN K /IN/TN  CHE REF: CHASE NYC/CTR/BNF=HARINI SARAVANAN ALLSTON MA - US/AC-  RFB=NOTPROVIDED OBI=/URI/MAIN TENANCE RELATIVES-DAUG BBI=/OCMT/US D,/BNF/US IMAD: BQC TRN: FF",1000.0,1272.52,Other
DEBIT,2025-06-03,Zelle payment to Vishwaaa,-6.35,272.52,Other
DEBIT,2025-06-02,Malvern Place Ap WEB PMTS   CXQXD          WEB ID:,-1334.0,278.87,Other
DEBIT,2025-06-02,STARBUCKS COFFEE LOOKOUT MTN GA              /,-17.98,1612.87,Other
DEBIT,2025-06-02,LS RUBY FALLS - TN                 /,-6.54,1630.85,Other
DEBIT,2025-05-29,DOMESTIC INCOMING WIRE FEE,-15.0,1637.39,Other
DEBIT,2025-05-29,"UBER TECHNOLOGIES, INC WILMINGTON DE         /",-25.32,1652.39,Other
DEBIT,2025-05-29,Payment to Chase card ending in  /,-847.68,1677.71,Other
CREDIT,2025-05-29,"FEDWIRE CREDIT VIA: THE BANK OF NEW YORK MELLON/ B/O: SARAVANAN K /IN/TN  CHE REF: CHASE NYC/CTR/BNF=HARINI SARAVANAN ALLSTON MA - US/AC-  RFB=NOTPROVIDED OBI=/URI/MAIN TENANCE RELATIVES-DAUG BBI=/OCMT/US D,/BNF/US IMAD: BQC TRN: FF",2000.0,2525.39,Other
DEBIT,2025-05-27,STARBUCKS TERM B BOS EAST BOSTON MA          /,-15.62,525.39,Other
DEBIT,2025-05-27,Zelle payment to Akshayy,-45.0,541.01,Other
DEBIT,2025-05-27,PAYRANGE MOBILE https://www.p OR             /,-10.0,586.01,Other
DEBIT,2025-05-23,MBTA-- BOSTON MA             /,-2.4,596.01,Other
DEBIT,2025-05-22,MBTA-- BOSTON MA             /,-2.4,598.41,Other
DEBIT,2025-05-22,TST* TATTE BAKERY SUMME BOSTON MA            /,-10.97,600.81,Other
DEBIT,2025-05-22,MBTA-- BOSTON MA             /,-2.4,611.78,Other
CREDIT,2025-05-19,Zelle payment from KUNAL VISHWA SIVAKUMAR,140.0,614.18,Other
CREDIT,2025-05-16,BOSTONUNIVERSITY PAYROLL                    PPD ID:,286.79,474.18,Other
DEBIT,2025-05-14,MBTA-- BOSTON MA             /,-2.4,187.39,Other
DEBIT,2025-05-14,MBTA-- BOSTON MA             /,-2.4,189.79,Other
DEBIT,2025-05-14,MBTA-- BOSTON MA             /,-2.4,192.19,Other
DEBIT,2025-05-13,Online Transfer to SAV ... transaction#:  /,-2200.0,194.59,Other
DEBIT,2025-05-12,UBER   *TRIP HELP.UBER.COM CA                /,-40.06,2394.59,Other
CREDIT,2025-05-09,BOSTONUNIVERSITY PAYROLL                    PPD ID:,286.79,2434.65,Other
DEBIT,2025-05-05,Payment to Chase card ending in  /,-102.1,2147.86,Other
DEBIT,2025-05-05,MBTA-- BOSTON MA             /,-2.4,2249.96,Other
DEBIT,2025-05-05,UBER   *TRIP HELP.UBER.COM CA                /,-19.92,2252.36,Other
DEBIT,2025-05-02,DOMESTIC INCOMING WIRE FEE,-15.0,2272.28,Other
CREDIT,2025-05-02,BOSTONUNIVERSITY PAYROLL                    PPD ID:,286.79,2287.28,Other
CREDIT,2025-05-02,"CHIPS CREDIT VIA: CITIBANK N.A./ B/O: /SARAVANAN K /IN/TN  CHE REF: NBNF=HARINI SARAVANAN ALLSTON MA - US/AC- ORG=/  /IN/TN  CHE OGB=I CICI BANK LIMITED CBPPC CROSS MUMBA I INDIA -- IN OBI=/URI/MAINTE NANCERELATIVES-DAUG BBI=/OCMT/USD ,/REC/US SSN:  TRN: FC",2000.0,2000.49,Other
DEBIT,2025-05-01,Payment to Chase card ending in  /,-16.99,0.49,Other
DEBIT,2025-04-30,Zelle payment to Vishwaaa,-568.0,17.48,Other
DEBIT,2025-04-30,Zelle payment to Vishwaaa,-765.0,585.48,Other
CREDIT,2025-04-30,Online Transfer from SAV ... transaction#:,568.0,1350.48,Other
DEBIT,2025-04-28,Payment to Chase card ending in  /,-32.32,782.48,Other
CREDIT,2025-04-25,BOSTONUNIVERSITY PAYROLL                    PPD ID:,286.79,814.8,Other
DEBIT,2025-04-24,Payment to Chase card ending in  /,-99.75,528.01,Other
CREDIT,2025-04-23,Zelle payment from KUNAL VISHWA SIVAKUMAR,50.0,627.76,Other
DEBIT,2025-04-21,Payment to Chase card ending in  /,-88.99,577.76,Other
DEBIT,2025-04-18,ATM WITHDRAWAL                         / COMMO,-20.0,666.75,Other
DEBIT,2025-04-18,ATM WITHDRAWAL                         / COMMO,-20.0,686.75,Other
CREDIT,2025-04-18,DISCOVER         CASH AWARD                 PPD ID:,14.86,706.75,Other
CREDIT,2025-04-18,BOSTONUNIVERSITY PAYROLL                    PPD ID:,286.79,691.89,Other
DEBIT,2025-04-17,Payment to Chase card ending in  /,-33.01,405.1,Other
DEBIT,2025-04-16,DISCOVER         E-PAYMENT              WEB ID:,-54.33,438.11,Other
DEBIT,2025-04-14,Online Transfer to SAV ... transaction#:  /,-2000.0,492.44,Other
DEBIT,2025-04-14,DISCOVER         E-PAYMENT              WEB ID:,-86.93,2492.44,Other
DEBIT,2025-04-14,MBTA-- BOSTON MA             /,-2.4,2579.37,Other
DEBIT,2025-04-11,PAYRANGE MOBILE https://www.p OR             /,-10.0,2581.77,Other
CREDIT,2025-04-11,BOSTONUNIVERSITY PAYROLL                    PPD ID:,286.79,2591.77,Other
CREDIT,2025-04-09,IRS  TREAS      TAX REF                  PPD ID:,446.0,2304.98,Other
CREDIT,2025-04-08,COMM. OF MASS.   MASTTAXRFD                 PPD ID: E,212.0,1858.98,Other
DEBIT,2025-04-07,DISCOVER         E-PAYMENT              WEB ID:,-11.1,1646.98,Other
DEBIT,2025-04-07,DISCOVER         E-PAYMENT              WEB ID:,-17.0,1658.08,Other
DEBIT,2025-04-07,MBTA-- BOSTON MA             /,-2.4,1675.08,Other
CREDIT,2025-04-04,BOSTONUNIVERSITY PAYROLL                    PPD ID:,286.79,1677.48,Other
DEBIT,2025-04-03,DISCOVER         E-PAYMENT              WEB ID:,-83.11,1390.69,Other
DEBIT,2025-04-02,UBER   *EATS HELP.UBER.COM CA                /,-13.91,1473.8,Other
DEBIT,2025-04-01,Zelle payment to Vishwaaa,-1334.0,1487.71,Other
DEBIT,2025-03-31,INTERNATIONAL INCOMING WIRE FEE,-15.0,2821.71,Other
DEBIT,2025-03-31,Zelle payment to Vishwaaa,-27.0,2836.71,Other
DEBIT,2025-03-31,MBTA-- BOSTON MA             /,-2.4,2863.71,Other
DEBIT,2025-03-31,RMV BOSTON BOSTON MA                         /,-30.0,2866.11,Other
CREDIT,2025-03-31,Zelle payment from KUNAL VISHWA SIVAKUMAR,25.0,2896.11,Other
CREDIT,2025-03-31,"BOOK TRANSFER CREDIT B/O: ICICI BANK LIMITED CBPPC CROSS MUMBAI INDIA -- IN ORG:/ /SARAVANAN K REF: MAINTENANCE RELATIVES-DAUG/OCMT/USD,/ACC/US TRN: FS",1500.0,2871.11,Other
CREDIT,2025-03-28,BOSTONUNIVERSITY PAYROLL                    PPD ID:,402.99,1371.11,Other
DEBIT,2025-03-27,DISCOVER         E-PAYMENT              WEB ID:,-179.25,968.12,Other
DEBIT,2025-03-27,H MART BROOKLINE MA BROOKLINE MA             /,-23.99,1147.37,Other
DEBIT,2025-03-27,JEN LAI NOODLE & RICE C BOSTON MA            /,-15.83,1171.36,Other
DEBIT,2025-03-24,UBER   *TRIP HELP.UBER.COM CA                /,-22.39,1187.19,Other
DEBIT,2025-03-24,UBER   *TRIP HELP.UBER.COM CA                /,-15.09,1209.58,Other
DEBIT,2025-03-24,ATM WITHDRAWAL                         / MILK S,-60.0,1224.67,Other
DEBIT,2025-03-24,ATM WITHDRAWAL                         / MILK S,-100.0,1284.67,Other
DEBIT,2025-03-24,DISCOVER         E-PAYMENT              WEB ID:,-44.39,1384.67,Other
CREDIT,2025-03-24,Zelle payment from KUNAL VISHWA SIVAKUMAR,1.0,1429.06,Other
DEBIT,2025-03-18,PAYRANGE MOBILE https://www.p OR             /,-10.0,1428.06,Other
DEBIT,2025-03-18,ATL ARBY'S ATLANTA GA                        /,-14.84,1438.06,Other
CREDIT,2025-03-14,BOSTONUNIVERSITY PAYROLL                    PPD ID:,286.79,1452.9,Other
DEBIT,2025-03-13,DISCOVER         E-PAYMENT              WEB ID:,-14.05,1166.11,Other
DEBIT,2025-03-10,COCA COLA ATLANTA ATLANTA GA                 /,-4.35,1180.16,Other
CREDIT,2025-03-07,BOSTONUNIVERSITY PAYROLL                    PPD ID:,286.79,1184.51,Other
DEBIT,2025-03-06,BREADWINNERS/STARBUCKS BOSTON MA             /,-11.07,897.72,Other
DEBIT,2025-03-04,STAR OSCO  BOSTON MA                     /,-15.66,908.79,Other
DEBIT,2025-03-04,RAISING CANES  BOSTON MA                 /,-39.89,924.45,Other
DEBIT,2025-03-03,DOMESTIC INCOMING WIRE FEE,-15.0,964.34,Other
DEBIT,2025-03-03,Zelle payment to Akshayy,-233.0,979.34,Other
DEBIT,2025-03-03,Zelle payment to Vishwaaa,-300.0,1212.34,Other
DEBIT,2025-03-03,DISCOVER         E-PAYMENT              WEB ID:,-77.5,1512.34,Other
CREDIT,2025-03-03,"CHIPS CREDIT VIA: WELLS FARGO BANK, N.A./ B/O: /SARAVANAN K /IN/TN  CHE REF: NBNF=HARINI SARAVANAN ALLSTON MA - US/AC- ORG=/  /IN/TN  CHE OGB=I CICI BANK LIMITED MUMBAI  , I NDIA OBI=/URI/MAINTENANCE RELATIVES -DAUG BBI=/ACC/US SSN:  TRN: FC",1500.0,1589.84,Other
DEBIT,2025-02-28,Zelle payment to Vishwaaa,-800.0,89.84,Other
CREDIT,2025-02-28,BOSTONUNIVERSITY PAYROLL                    PPD ID:,286.79,889.84,Other
DEBIT,2025-02-27,BREADWINNERS/STARBUCKS BOSTON MA             /,-3.58,603.05,Other
DEBIT,2025-02-25,Zelle payment to Joevita JPMazageg,-46.47,606.63,Other
DEBIT,2025-02-24,MBTA-- BOSTON MA             /,-2.4,653.1,Other
CREDIT,2025-02-21,BOSTONUNIVERSITY PAYROLL                    PPD ID:,286.79,655.5,Other
DEBIT,2025-02-18,Zelle payment to Vishwaaa,-22.62,368.71,Other
DEBIT,2025-02-14,UBER   *EATS HELP.UBER.COM CA                /,-51.57,391.33,Other
CREDIT,2025-02-14,BOSTONUNIVERSITY PAYROLL                    PPD ID:,286.79,442.9,Other
DEBIT,2025-02-11,Zelle payment to Vishwaaa,-33.13,156.11,Other
DEBIT,2025-02-07,Zelle payment to Vishwaaa,-171.0,189.24,Other
DEBIT,2025-02-07,THE UPS STORE  - MA            /,-9.46,360.24,Other
CREDIT,2025-02-07,BOSTONUNIVERSITY PAYROLL                    PPD ID:,307.54,369.7,Other
DEBIT,2025-02-04,STAR OSCO  BOSTON MA                     /,-10.98,62.16,Other
DEBIT,2025-02-03,PAYRANGE MOBILE https://www.p OR             /,-10.0,73.14,Other
DEBIT,2025-02-03,UBER   *TRIP HELP.UBER.COM CA                /,-16.61,83.14,Other
DEBIT,2025-02-03,COSTCO WHSE # EVERETT MA                 /,-6.4,99.75,Other
DEBIT,2025-02-03,DISCOVER         E-PAYMENT              WEB ID:,-9.7,106.15,Other
DEBIT,2025-01-31,Zelle payment to Akshayy,-48.0,115.85,Other
DEBIT,2025-01-31,Zelle payment to Vishwaaa,-1000.0,163.85,Other
CREDIT,2025-01-31,BOSTONUNIVERSITY PAYROLL                    PPD ID:,161.28,1163.85,Other
CREDIT,2025-01-29,ATM CASH DEPOSIT /  COMMONWEALTH AVE BOSTON MA,1000.0,1002.57,Other
DEBIT,2025-01-27,MBTA-- BOSTON MA             /,-1.7,2.57,Other
DEBIT,2024-12-31,DISCOVER         E-PAYMENT              WEB ID:,-8.8,4.27,Other
DEBIT,2024-12-30,DOLLARTREE BOSTON MA                         /,-15.0,13.07,Other
DEBIT,2024-12-30,STAR OSCO  BOSTON MA                     /,-31.46,28.07,Other
DEBIT,2024-12-27,Zelle payment to Vishwaaa,-1334.0,59.53,Other
DEBIT,2024-12-27,DISCOVER         E-PAYMENT              WEB ID:,-2.4,1393.53,Other
CREDIT,2024-12-27,BOSTONUNIVERSITY PAYROLL                    PPD ID:,223.58,1395.93,Other
DEBIT,2024-12-23,HUDSON ST BOSTON MA                      /,-12.72,1172.35,Other
CREDIT,2024-12-20,BOSTONUNIVERSITY PAYROLL                    PPD ID:,270.06,1185.07,Other
DEBIT,2024-12-16,DISCOVER         E-PAYMENT              WEB ID:,-30.19,915.01,Other
CREDIT,2024-12-13,BOSTONUNIVERSITY PAYROLL                    PPD ID:,270.06,945.2,Other
CREDIT,2024-12-13,Zelle payment from KUNAL VISHWA SIVAKUMAR,535.0,675.14,Other
DEBIT,2024-12-11,PAYRANGE MOBILE https://www.p OR             /,-10.0,140.14,Other
DEBIT,2024-12-11,FOSSIL.COM PAY RICHARDSON TX                 /,99.42,150.14,Other
DEBIT,2024-12-09,Zelle payment to Vishwaaa,-40.0,50.72,Other
DEBIT,2024-12-06,Zelle payment to Akshayy,-100.0,90.72,Other
CREDIT,2024-12-06,BOSTONUNIVERSITY PAYROLL                    PPD ID:,156.4,190.72,Other
DEBIT,2024-12-04,GAP ONLINE - OH                    /,14.9,34.32,Other
DEBIT,2024-12-03,GAP ONLINE - OH                    /,13.6,19.42,Other
DEBIT,2024-12-02,Malvern Place Ap WEB PMTS   HMVBD          WEB ID:,-4000.0,5.82,Other
DEBIT,2024-12-02,American Eagle  Somerville MA            /,-41.96,4005.82,Other
DEBIT,2024-12-02,COACH  Somerville MA                     /,-198.9,4047.78,Other
DEBIT,2024-12-02,TJMAXX # SOMERVILLE MA                    /,-60.16,4246.68,Other
DEBIT,2024-12-02,MBTA-- BOSTON MA             /,-2.4,4306.84,Other
DEBIT,2024-12-02,RAISING CANES  BOSTON MA                 /,-37.5,4309.24,Other
DEBIT,2024-12-02,THE UPS STORE  - MA            /,-3.69,4346.74,Other
DEBIT,2024-12-02,JOES PIZZA NEW YORK NY                       /,-4.0,4350.43,Other
CREDIT,2024-12-02,Zelle payment from AKSHAY KUMARAN VENKATESAN,10.0,4354.43,Other
CREDIT,2024-12-02,Zelle payment from KUNAL VISHWA SIVAKUMAR,90.0,4344.43,Other
CREDIT,2024-12-02,Zelle payment from AKSHAY KUMARAN VENKATESAN,1333.0,4254.43,Other
DEBIT,2024-11-29,DOMESTIC INCOMING WIRE FEE,-15.0,2921.43,Other
DEBIT,2024-11-29,MACY'S        WA BOSTON MA       /,-78.53,2936.43,Other
DEBIT,2024-11-29,"ESRT Observatory TRS, L New York NY          /",-194.89,3014.96,Other
DEBIT,2024-11-29,SHERIF SILVER GROUP INC MANHATTAN NY         /,-11.7,3209.85,Other
DEBIT,2024-11-29,MTA*NYCT PAYGO NEW YORK NY                   /,-2.9,3221.55,Other
DEBIT,2024-11-29,MTA*NYCT PAYGO NEW YORK NY                   /,-2.9,3224.45,Other
DEBIT,2024-11-29,MTA*NYCT PAYGO NEW YORK NY                   /,-2.9,3227.35,Other
DEBIT,2024-11-29,MTA*NYCT PAYGO NEW YORK NY                   /,-2.9,3230.25,Other
DEBIT,2024-11-29,MTA*NYCT PAYGO NEW YORK NY                   /,-2.9,3233.15,Other
DEBIT,2024-11-29,MTA*NYCT PAYGO NEW YORK NY                   /,-2.9,3236.05,Other
DEBIT,2024-11-29,MTA*NYCT PAYGO NEW YORK NY                   /,-2.9,3238.95,Other
DEBIT,2024-11-29,STATUE LIBERTY CROWNCAF NEW YORK NY          /,-39.5,3241.85,Other
DEBIT,2024-11-29,MTA*NYCT PAYGO NEW YORK NY                   /,-2.9,3281.35,Other
CREDIT,2024-11-29,"CHIPS CREDIT VIA: WELLS FARGO BANK, N.A./ B/O: /SARAVANAN K /IN/TN  CHE REF: NBNF=HARINI SARAVANAN ALLSTON MA - US/AC- ORG=/  /IN/TN  CHE OGB=I CICI BANK LIMITED MUMBAI  , I NDIA OBI=/URI/MAINTENANCE RELATIVES -DAUG BBI=/ACC/US SSN:  TRN: FC",2323.96,3284.25,Other
DEBIT,2024-11-27,PAYRANGE MOBILE https://www.p OR             /,-10.0,960.29,Other
CREDIT,2024-11-27,BOSTONUNIVERSITY PAYROLL                    PPD ID:,270.06,970.29,Other
DEBIT,2024-11-27,GAP ONLINE - OH                    /,14.4,700.23,Other
DEBIT,2024-11-26,MBTA-- BOSTON MA             /,-2.4,685.83,Other
DEBIT,2024-11-26,GAP OUTLET US  BOSTON MA                 /,-140.61,688.23,Other
DEBIT,2024-11-25,MACY'S     WASHINGT BOSTON MA             /,-268.07,828.84,Other
DEBIT,2024-11-25,COURSRA*MVCRKCLXQK -- CA        /,-12.25,1096.91,Other
CREDIT,2024-11-25,Zelle payment from KUNAL VISHWA SIVAKUMAR,70.0,1109.16,Other
CREDIT,2024-11-22,BOSTONUNIVERSITY PAYROLL                    PPD ID:,270.06,1039.16,Other
DEBIT,2024-11-22,GAP OUTLET.COM  - OH           /,13.5,769.1,Other
DEBIT,2024-11-21,THE UPS STORE  - MA            /,-3.17,755.6,Other
DEBIT,2024-11-20,Zelle payment to Vishwaaa,-64.0,758.77,Other
DEBIT,2024-11-20,NikePOS_US Somerville MA                     /,136.98,822.77,Other
DEBIT,2024-11-19,MBTA-- BOSTON MA             /,-1.7,685.79,Other
DEBIT,2024-11-18,STAR OSCO  BOSTON MA                     /,-54.65,687.49,Other
DEBIT,2024-11-18,GAP OUTLET.COM  - OH           /,-13.5,742.14,Other
DEBIT,2024-11-18,GAP ONLINE - OH                    /,-8.75,755.64,Other
DEBIT,2024-11-18,GAP ONLINE - OH                    /,-13.13,764.39,Other
DEBIT,2024-11-18,GAP ONLINE - OH                    /,-14.9,777.52,Other
DEBIT,2024-11-18,MACYS  BOSTON BOSTON MA                      /,75.86,792.42,Other
DEBIT,2024-11-15,Zelle payment to Sarah Rho JPMarml,-1.0,716.56,Other
CREDIT,2024-11-15,BOSTONUNIVERSITY PAYROLL                    PPD ID:,223.58,717.56,Other
DEBIT,2024-11-14,MACY'S        WA BOSTON MA       /,-40.0,493.98,Other
DEBIT,2024-11-14,MACY'S        WA BOSTON MA       /,-105.19,533.98,Other
DEBIT,2024-11-12,MBTA-- BOSTON MA             /,-1.7,639.17,Other
DEBIT,2024-11-12,TST*EL JEFES TAQUERIA O Boston MA            /,-3.21,640.87,Other
DEBIT,2024-11-12,DOLLARTRE  COMMONW BOSTON MA             /,-25.05,644.08,Other
CREDIT,2024-11-08,Zelle payment from KUNAL VISHWA SIVAKUMAR,50.0,669.13,Other
CREDIT,2024-11-08,BOSTONUNIVERSITY PAYROLL                    PPD ID:,270.06,619.13,Other
DEBIT,2024-11-07,MACYS   .COM -- OH                 /,-58.53,349.07,Other
DEBIT,2024-11-07,MACYS   .COM -- OH                 /,-264.04,407.6,Other
DEBIT,2024-11-07,MBTA-- BOSTON MA             /,-2.4,671.64,Other
DEBIT,2024-11-07,NikePOS_US Somerville MA                     /,-136.98,674.04,Other
DEBIT,2024-11-07,GAP ONLINE - OH                    /,-59.2,811.02,Other
DEBIT,2024-11-07,FOSSIL.COM PAY -- TX               /,-99.42,870.22,Other
DEBIT,2024-11-07,FOSSIL.COM PAY -- TX               /,-463.67,969.64,Other
CREDIT,2024-11-07,Zelle payment from KUNAL VISHWA SIVAKUMAR,50.0,1433.31,Other
DEBIT,2024-11-06,MACYS   .COM -- OH                 /,-204.04,1383.31,Other
DEBIT,2024-11-06,MACYS   .COM -- OH                 /,-24.5,1587.35,Other
DEBIT,2024-11-06,GAP ONLINE - OH                    /,-35.2,1611.85,Other
DEBIT,2024-11-05,PAYRANGE MOBILE https://www.p OR             /,-10.0,1647.05,Other
DEBIT,2024-11-05,MACYS   .COM -- OH                 /,-38.49,1657.05,Other
CREDIT,2024-11-05,Zelle payment from KUNAL VISHWA SIVAKUMAR,500.0,1695.54,Other
DEBIT,2024-11-04,DOMESTIC INCOMING WIRE FEE,-15.0,1195.54,Other
DEBIT,2024-11-04,Zelle payment to Vishwaaa,-1340.0,1210.54,Other
DEBIT,2024-11-04,GAP OUTLET US  EVERETT MA                /,-47.88,2550.54,Other
DEBIT,2024-11-04,Zelle payment to Vishwaaa,-100.0,2598.42,Other
DEBIT,2024-11-04,COSTCO WHSE # EVERETT MA                 /,-75.76,2698.42,Other
DEBIT,2024-11-04,COSTCO WHSE # EVERETT MA                 /,-6.39,2774.18,Other
DEBIT,2024-11-04,UBER   *TRIP HELP.UBER.COM CA                /,-13.18,2780.57,Other
CREDIT,2024-11-04,"FEDWIRE CREDIT VIA: THE BANK OF NEW YORK MELLON/ B/O: /SARAVANAN K /IN/TN  CHE REF: CHASE NYC/CTR/BNF=HARINI SARAVANAN ALLSTON MA - US/AC-  RFB=O/B BK OF NYC OBI=MAINTEN ANCE RELATIVES-DAUG BBI=/OCMT/USD ,/ACC/US PLEASE PAY IN FULL IMAD: BQC TRN: FF",1500.0,2793.75,Other
DEBIT,2024-11-01,Zelle payment to Akshayy,-1334.0,1293.75,Other
DEBIT,2024-11-01,MBTA-- BOSTON MA             /,-1.7,2627.75,Other
DEBIT,2024-11-01,UBER   *TRIP HELP.UBER.COM CA                /,-12.65,2629.45,Other
CREDIT,2024-11-01,BOSTONUNIVERSITY PAYROLL                    PPD ID:,270.06,2642.1,Other
DEBIT,2024-10-31,GRUBHUB BOSTON UNIVERSI BOSTON MA            /,-9.97,2372.04,Other
DEBIT,2024-10-28,MBTA-- BOSTON MA             /,-2.4,2382.01,Other
DEBIT,2024-10-28,CHEESECAKE BOSTON BOSTON MA                  /,-37.45,2384.41,Other
DEBIT,2024-10-28,DUNKIN # Q BOSTON MA                 /,-17.39,2421.86,Other
DEBIT,2024-10-28,MBTA-- BOSTON MA             /,-1.7,2439.25,Other
CREDIT,2024-10-25,BOSTONUNIVERSITY PAYROLL                    PPD ID:,270.06,2440.95,Other
DEBIT,2024-10-21,STAR OSCO  BOSTON MA                     /,-38.55,2170.89,Other
CREDIT,2024-10-18,BOSTONUNIVERSITY PAYROLL                    PPD ID:,270.06,2209.44,Other
DEBIT,2024-10-15,MBTA-- BOSTON MA             /,-2.4,1939.38,Other
CREDIT,2024-10-11,BOSTONUNIVERSITY PAYROLL                    PPD ID:,270.06,1941.78,Other
DEBIT,2024-10-10,INDIAN MARKET SHREWSBUR SHREWSBURY MA        /,-151.31,1671.72,Other
DEBIT,2024-10-08,DOMESTIC INCOMING WIRE FEE,-15.0,1823.03,Other
DEBIT,2024-10-08,Zelle payment to Venkatesan Uncle JPMapsqff,-1497.0,1838.03,Other
DEBIT,2024-10-08,BKST B&N BOSTON U # BOSTON MA            /,-119.96,3335.03,Other
CREDIT,2024-10-08,"CHIPS CREDIT VIA: WELLS FARGO BANK, N.A./ B/O: /SARAVANAN K /IN/TN  CHE REF: NBNF=HARINI SARAVANAN ALLSTON MA - US/AC- ORG=/  /IN/TN  CHE OGB=I CICI BANK LIMITED MUMBAI  , I NDIA OBI=/URI/MAINTENANCE RELATIVES -DAUG BBI=/ACC/US SSN:  TRN: FC",1350.0,3454.99,Other
DEBIT,2024-10-07,TARGET         BOSTON MA             /,-12.73,2104.99,Other
DEBIT,2024-10-04,MBTA-- BOSTON MA             /,-2.4,2117.72,Other
DEBIT,2024-10-04,VAANGA BOSTON MA                             /,-5.35,2120.12,Other
CREDIT,2024-10-04,BOSTONUNIVERSITY PAYROLL                    PPD ID:,270.06,2125.47,Other
DEBIT,2024-10-03,DOMESTIC INCOMING WIRE FEE,-15.0,1855.41,Other
CREDIT,2024-10-03,"CHIPS CREDIT VIA: WELLS FARGO BANK, N.A./ B/O: /SARAVANAN K /IN/TN  CHE REF: NBNF=HARINI SARAVANAN ALLSTON MA - US/AC- ORG=/  /IN/TN  CHE OGB=I CICI BANK LIMITED MUMBAI  , I NDIA OBI=/URI/MAINTENANCE RELATIVES -DAUG BBI=/ACC/US SSN:  TRN: FC",1756.44,1870.41,Other
DEBIT,2024-10-01,DOMESTIC INCOMING WIRE FEE,-15.0,113.97,Other
DEBIT,2024-10-01,Zelle payment to Vishwaaa,-500.0,128.97,Other
DEBIT,2024-10-01,FEDERAL INTEREST WITHHELD,-24.0,628.97,Other
CREDIT,2024-10-01,$ for New Checking,100.0,652.97,Other
CREDIT,2024-10-01,"CHIPS CREDIT VIA: WELLS FARGO BANK, N.A./ B/O: /SARAVANAN K /IN/TN  CHE REF: NBNF=HARINI SARAVANAN ALLSTON MA - US/AC- ORG=/  /IN/TN  CHE OGB=I CICI BANK LIMITED MUMBAI  , I NDIA OBI=/URI/MAINTENANCE RELATIVES -DAUG BBI=/ACC/US SSN:  TRN: FC",117.1,552.97,Other
DEBIT,2024-09-30,PAYRANGE MOBILE https://www.p OR             /,-10.0,435.87,Other
DEBIT,2024-09-30,MBTA-- BOSTON MA             /,-1.7,445.87,Other
DEBIT,2024-09-30,APPLE CINEMAS - CAMBRID CAMBRIDGE MA         /,-25.0,447.57,Other
DEBIT,2024-09-27,MADRA MASALA INTERNA BROOKLINE MA            /,-67.35,472.57,Other
DEBIT,2024-09-27,MBTA-- BOSTON MA             /,-2.4,539.92,Other
DEBIT,2024-09-27,STAR MARKET # BOSTON MA                  /,-5.99,542.32,Other
CREDIT,2024-09-27,BOSTONUNIVERSITY PAYROLL                    PPD ID:,270.06,548.31,Other
DSLIP,2024-09-26,DEPOSIT  ID NUMBER,200.0,278.25,Other
DEBIT,2024-09-20,EMIRATES     WWW.EMIRATES. NY        /,-1328.76,78.25,Other
CREDIT,2024-09-19,Zelle payment from KUNAL VISHWA SIVAKUMAR,500.0,1407.01,Other
DEBIT,2024-09-16,MBTA-- BOSTON MA             /,-1.7,907.01,Other
DEBIT,2024-09-16,T J MAXX  B ALLSTATE DORCHESTER MA          /,-56.96,908.71,Other
DEBIT,2024-09-16,PAYRANGE MOBILE https://www.p OR             /,-10.0,965.67,Other
DEBIT,2024-09-12,STAR OSCO  BOSTON MA                     /,-27.9,975.67,Other
DEBIT,2024-09-09,STAR OSCO  BOSTON MA                     /,-10.4,1003.57,Other
DEBIT,2024-09-09,STAR OSCO  BOSTON MA                     /,-12.03,1013.97,Other
CREDIT,2024-09-05,ATM CASH DEPOSIT /  COMMONWEALTH AVE BOSTON MA,40.0,1026.0,Other
CREDIT,2024-09-05,ATM CASH DEPOSIT /  COMMONWEALTH AVE BOSTON MA,985.0,986.0,Other
CREDIT,2024-09-04,Zelle payment from VENKATESAN CANNANE WFCTXZZWBF,1.0,1.0,Other
